Date,Brand,Spend,Sales
2014-11-30,brand1,5776.361570000001,827.5082817303585
2014-12-07,brand1,5014.683479999998,808.9261381766656
2014-12-14,brand1,5166.069110000001,838.9856984354689
2014-12-22,brand1,6966.435829999999,991.050450943344
2014-12-29,brand2,1484.27469,305.7426352888307
2015-01-06,brand2,2254.85389,420.5586550516374
2015-01-13,brand2,2702.17347,504.6941102382979
2015-01-21,brand2,4007.28689,356.1030813403946
2015-01-28,brand3,5303.27681,506.21759759314494
2015-02-05,brand3,4492.224343,486.4396250044276
2015-02-12,brand3,5894.546820000001,470.0509467483198
2015-02-20,brand3,9270.136469999998,568.7774074624967
2015-02-27,brand4,2880.9103,448.6259054001023
2015-03-07,brand4,1861.48724,449.6731071248167
2015-03-14,brand4,3163.6408599999995,414.1781474433662
2015-03-22,brand4,6535.904080000001,559.2445553953224
2015-03-29,brand5,4123.414929999999,299.19010466504005
2015-04-06,brand5,2749.3876000000005,228.96169028661524
2015-04-13,brand5,4068.561059999999,268.3799597684276
2015-04-21,brand5,4975.558877,198.61617120807975
2015-04-28,brand1,3682.32723,797.416932843456
2015-05-06,brand1,3088.6434,755.7178671799609
2015-05-13,brand1,5215.832399999999,825.2585638616841
2015-05-21,brand1,8171.09878,992.57674169417
2015-05-28,brand2,1256.06079,356.6982108770825
2015-06-05,brand2,1382.72088,403.66290156335583
2015-06-12,brand2,2059.8479,469.0823224653315
2015-06-20,brand2,3484.56831,362.1199894426832
2015-06-27,brand3,6078.74853,555.5220433691472
2015-07-05,brand3,3162.60246,463.7686309493723
2015-07-12,brand3,5434.341619999999,479.7330077745031
2015-07-20,brand3,11048.940440000002,585.0724093902224
2015-07-27,brand4,3248.808969999999,453.0105578067557
2015-08-04,brand4,1909.0423,434.94449501751336
2015-08-11,brand4,2019.634,424.7964698971724
2015-08-19,brand4,5910.11717,542.3238505831862
2015-08-26,brand5,4554.866870000002,319.3611365778071
2015-09-03,brand5,2653.92053,238.6284651954508
2015-09-10,brand5,2556.9888999999994,262.04527717418324
2015-09-18,brand5,4413.517860999998,191.4177436126321
2015-09-25,brand1,4320.465129999999,797.6327083366143
2015-10-03,brand1,3785.171099999998,790.7158166659376
2015-10-10,brand1,5596.122969999999,833.1280002297549
2015-10-18,brand1,6707.349020000002,974.840757486085
2015-10-25,brand2,1816.74417,344.1418456048408
2015-11-02,brand2,1359.4231800000002,402.4253270899773
2015-11-09,brand2,2857.3117,457.124315498899
2015-11-17,brand2,2940.430149999999,359.180839375371
2015-11-24,brand3,5736.249089999999,521.0854825399736
2015-12-02,brand3,3544.319259999999,512.8961884547862
2015-12-09,brand3,6987.201651999997,472.5106549289914
2015-12-17,brand3,7752.52907,569.073049569467
2015-12-24,brand4,2633.320910000001,441.69949374640873
2016-01-01,brand4,1642.12901,417.7895578339738
2016-01-08,brand4,3112.1557999999995,422.8870508196757
2016-01-16,brand4,4495.677369999999,532.6115223996554
2016-01-23,brand5,2329.9198599999995,287.4654549426633
2016-01-31,brand5,1557.01897,208.5294998476664
2016-02-07,brand5,2632.00665,256.11255238681224
2016-02-15,brand5,2990.74123,206.67896765011784
2016-02-22,brand1,2842.855394,767.683447795557
2016-03-01,brand1,3754.25599,782.8544891579353
2016-03-08,brand1,5228.017579999999,821.0773207137806
2016-03-16,brand1,5944.3509,968.251406777816
2016-03-23,brand2,1262.24441,294.5165954929318
2016-03-31,brand2,1537.85092,377.8126113009069
2016-04-07,brand2,716.88354,354.86743161692715
2016-04-15,brand2,3369.84499,357.26403854416674
2016-04-22,brand3,4723.22558,511.5215522255468
2016-04-30,brand3,4085.27228,492.4871579297897
2016-05-07,brand3,4484.106140000001,449.8106818798618
2016-05-15,brand3,8297.19472,580.7634275770403
2016-05-22,brand4,2203.37361,417.0425423754492
2016-05-30,brand4,2000.06905,448.21404788249663
2016-06-06,brand4,1830.86884,412.3280426727247
2016-06-14,brand4,5516.034109999999,537.1259602395598
2016-06-21,brand5,3526.81259,283.9963203050615
2016-06-29,brand5,1541.55811,200.6548584284312
2016-07-06,brand5,2640.301799999999,249.55930062867253
2016-07-14,brand5,3314.235789999998,210.93096464608507
2016-07-21,brand1,3724.706729999999,799.5006295296738
2016-07-29,brand1,3900.156357,768.9595962426488
2016-08-05,brand1,6239.95653,860.7814784492832
2016-08-13,brand1,8278.11149,988.2629049393142
2016-08-20,brand2,1396.93498,318.7627520254377
2016-08-28,brand2,2326.5161499999995,414.195677516776
2016-09-04,brand2,3254.7247600000005,482.922179752293
2016-09-12,brand2,3394.198929999999,363.2997717185655
2016-09-19,brand3,5362.001110000001,531.8891135295517
2016-09-27,brand3,4883.005939999999,517.960550259124
2016-10-04,brand3,8100.746080000001,510.61125903489926
2016-10-12,brand3,9154.680849999995,597.6858681140104
2016-10-19,brand4,2954.54709,448.95711382165473
2016-10-27,brand4,1786.45187,434.05216399722894
2016-11-03,brand4,2936.95024,406.9368887502917
2016-11-11,brand4,4200.891090000002,526.9746467767741
2016-11-18,brand5,3648.37039,280.88660431554416
2016-11-26,brand5,2068.19145,217.923700676981
2016-12-03,brand5,3502.6846,254.69038681596945
2016-12-11,brand5,4056.310679999999,229.9377265373026
2016-12-18,brand1,4824.566559999999,803.8216724687838
2016-12-26,brand1,2775.57138,732.0919333988855
2017-01-02,brand1,7976.63866,875.8439460682835
2017-01-10,brand1,8606.220669999999,992.8660201562608
2017-01-17,brand2,1022.63433,313.7542554050924
2017-01-25,brand2,1891.67251,390.0076022078134
2017-02-01,brand2,2791.1217,463.57969991888
2017-02-09,brand2,3746.627930000001,379.640221502886
2017-02-16,brand3,5568.90211,558.1483019814948
2017-02-24,brand3,4596.29312,481.0360233771687
2017-03-03,brand3,7748.519411000001,458.8530217877206
2017-03-11,brand3,7628.951600000002,571.0756821812911
2017-03-18,brand4,3087.0521900000003,463.32333666628745
2017-03-26,brand4,2768.860459999999,462.06326098978974
2017-04-02,brand4,2330.3639000000007,408.7913482826584
2017-04-10,brand4,4135.738309999998,536.0135230423077
2017-04-17,brand5,3581.806419999999,291.07051848358685
2017-04-25,brand5,2461.74396,221.94096613687208
2017-05-02,brand5,4228.019300000001,309.18058410513447
2017-05-10,brand5,5005.806280000001,202.1615384873716
2017-05-17,brand1,4279.759429999999,794.849807040389
2017-05-25,brand1,2579.38056,721.497881416653
2017-06-01,brand1,6237.4125,861.237514630009
2017-06-09,brand1,7083.807099999999,982.2866201802088
2017-06-16,brand2,1899.57974,334.41505835047445
2017-06-24,brand2,1530.25789,377.7620781158592
2017-07-01,brand2,1742.6633800000002,453.6228695547495
2017-07-09,brand2,2696.0583599999995,350.28024907742434
2017-07-16,brand3,6992.351520000002,556.5277917763369
2017-07-24,brand3,3744.00323,481.79167931557936
2017-07-31,brand3,5514.31602,443.2617508071504
2017-08-08,brand3,8412.87421,581.1856341117139
2017-08-15,brand4,3133.9055900000003,470.9141795722616
2017-08-23,brand4,1827.36485,438.7033391406974
2017-08-30,brand4,1315.0584,375.965699072768
2017-09-07,brand4,4507.521119999999,559.0901880228952
2017-09-14,brand5,4050.80265,282.81230145034334
2017-09-22,brand5,1251.12565,205.40229736693288
2017-09-29,brand5,2234.58366,262.64715136017304
2017-10-07,brand5,4421.49946,194.38554649563036
2017-10-14,brand1,2956.11656,778.0737854667584
2017-10-22,brand1,2662.4231400000003,742.0316218776081
2017-10-29,brand1,3530.414130000001,850.1020511294969
2017-11-06,brand1,6921.781843000001,975.0750541944628
2017-11-13,brand2,1098.75846,286.54494806751626
2017-11-21,brand2,2289.9792,410.6527593726385
2017-11-28,brand2,2648.353399999999,471.8032480007684
2017-12-06,brand2,4359.04642,342.76801352291216
2017-12-13,brand3,2592.81853,497.0315711596031
2017-12-21,brand3,3621.1812099999984,476.0759687750731
2017-12-28,brand3,6209.902330000001,468.3118469519521
2018-01-05,brand3,11167.879679999998,585.7318742487275
2018-01-12,brand4,1263.3122899999998,382.00567967015024
2018-01-20,brand4,1651.3208300000003,419.8926389928563
2018-01-27,brand4,2248.9352000000003,433.4690842812956
2018-02-04,brand4,6627.0166,562.8250187291752
2018-02-11,brand5,3582.6692700000003,300.6098777990605
2018-02-19,brand5,2153.229979999999,212.51314295907991
2018-02-26,brand5,3679.876799999999,310.45517069864405
2018-03-06,brand5,4369.18512,207.45474433714543
2018-03-13,brand1,4203.73191,790.4518055734227
2018-03-21,brand1,3276.46779,749.1993245506889
2018-03-28,brand1,6329.213489999999,837.7072050296871
2018-04-05,brand1,8457.737790000003,996.0783295305248
2018-04-12,brand2,2091.10249,332.25693524437213
2018-04-20,brand2,1806.3354,384.67456491393074
2018-04-27,brand2,2568.76254,454.37461693793534
2018-05-05,brand2,3263.1359899999984,340.5746808583581
2018-05-12,brand3,5368.5813,509.4833455531727
2018-05-20,brand3,4492.23442,500.585080037525
2018-05-27,brand3,6214.3996700000025,471.294291554217
2018-06-04,brand3,9192.541300000004,571.0023375838076
2018-06-11,brand4,2762.2998500000003,442.9177289657054
2018-06-19,brand4,1987.96984,449.4874594286448
2018-06-26,brand4,1731.4241600000007,411.3785383518956
2018-07-04,brand4,5523.797120000001,541.90078115829
2018-07-11,brand5,3372.9233699999995,314.9838750783483
2018-07-19,brand5,1947.55756,254.51898527672105
2018-07-26,brand5,3520.85377,277.22474086721843
2018-08-03,brand5,2802.2586100000003,221.8162399286502
2018-08-10,brand1,4052.56819,802.7952129113847
2018-08-18,brand1,3722.89947,777.0773386519809
2018-08-25,brand1,5580.024129999999,854.5322857070738
2018-09-02,brand1,8336.478780000001,992.504211589228
2018-09-09,brand2,1612.0137899999995,325.47779393899225
2018-09-17,brand2,2158.11725,398.7581771260485
2018-09-24,brand2,1872.00131,448.4528718404493
2018-10-02,brand2,4811.361319999999,370.3762439009363
2018-10-09,brand3,5397.569435999999,542.969030278441
2018-10-17,brand3,4485.61534,504.1228923926724
2018-10-24,brand3,6357.984399999999,436.6586460156481
2018-11-01,brand3,10894.234769999995,616.8385533407223
2018-11-08,brand4,2864.4313300000003,441.20560052264005
2018-11-16,brand4,1619.0743100000004,454.2030070483426
2018-11-23,brand4,2548.34462,399.69301497383645
2018-12-01,brand4,6605.162779,567.5317450792923
2018-12-08,brand5,3422.569399999999,308.5666926502292
2018-12-16,brand5,1396.47234,206.17546754515047
2018-12-23,brand5,2825.25847,256.0118046858473
2018-12-31,brand5,5580.948499999999,212.73240296361223
2014-11-30,brand1,4988.2038600000005,817.4898610578643
2014-12-07,brand1,4316.614389999999,779.4277024995032
2014-12-14,brand1,5147.6707000000015,846.165195318317
2014-12-22,brand1,6350.893280000003,994.4779999057932
2014-12-29,brand2,1170.3361989999996,313.7442787601501
2015-01-06,brand2,1976.85868,396.5142310865948
2015-01-13,brand2,2690.5207900000005,474.313876928988
2015-01-21,brand2,2561.975280000001,332.1923197734291
2015-01-28,brand3,6057.482094,511.2450389856916
2015-02-05,brand3,5086.087770000001,505.8428456010031
2015-02-12,brand3,6869.358519999997,469.31043430091097
2015-02-20,brand3,9095.10105,572.7526176818302
2015-02-27,brand4,2000.4378,411.4734496159017
2015-03-07,brand4,1669.0799999999997,432.09248805838354
2015-03-14,brand4,2672.77349,419.4591447610217
2015-03-22,brand4,4258.481320000001,571.3012393197201
2015-03-29,brand5,4522.892656000001,295.0677021474653
2015-04-06,brand5,2508.7911000000004,248.3535208278421
2015-04-13,brand5,3347.5397,257.2521674167885
2015-04-21,brand5,4471.017859999999,205.11406874668236
2015-04-28,brand1,4569.698260000001,813.0670477441115
2015-05-06,brand1,3682.4350599999993,762.344810316871
2015-05-13,brand1,5472.40574,872.989904162527
2015-05-21,brand1,5812.053700000003,971.6086637794529
2015-05-28,brand2,746.5584600000001,252.1767299910776
2015-06-05,brand2,2017.61593,409.1121630257513
2015-06-12,brand2,2797.8208,461.3143609615127
2015-06-20,brand2,2533.76972,347.2328180051878
2015-06-27,brand3,3832.9271,497.19844945445936
2015-07-05,brand3,5591.266930000001,505.7334198734291
2015-07-12,brand3,6721.744199999998,437.2618665573101
2015-07-20,brand3,10439.464827000003,604.295420743926
2015-07-27,brand4,2576.0234600000003,421.3596757584818
2015-08-04,brand4,2870.6878500000003,466.9442494077655
2015-08-11,brand4,2317.08013,413.2126484859842
2015-08-19,brand4,5360.767190000001,579.0338275450058
2015-08-26,brand5,3332.62845,278.0032541884465
2015-09-03,brand5,2392.4812300000003,254.549235003977
2015-09-10,brand5,2834.471109999999,294.36848187083314
2015-09-18,brand5,3497.994969999999,209.85353201432676
2015-09-25,brand1,2660.4199200000003,768.898797357393
2015-10-03,brand1,4597.149609999998,782.3971355404058
2015-10-10,brand1,6020.142470000001,844.6653887079043
2015-10-18,brand1,8363.709619999998,1010.8967246466376
2015-10-25,brand2,846.1308999999999,277.87325223890235
2015-11-02,brand2,3007.04469,417.5600908180954
2015-11-09,brand2,1364.22934,414.609793381542
2015-11-17,brand2,3629.541059999999,365.4628480597447
2015-11-24,brand3,5474.973670999999,507.99737733051785
2015-12-02,brand3,6266.007670000002,501.5004536219877
2015-12-09,brand3,6486.92679,443.66978472560805
2015-12-17,brand3,9757.018590000003,588.7250689569407
2015-12-24,brand4,2128.0541,427.7108869932357
2016-01-01,brand4,2562.002160000001,456.89143683679134
2016-01-08,brand4,2499.08058,398.889938714222
2016-01-16,brand4,4462.701673,557.0278929188147
2016-01-23,brand5,2734.97185,286.62684285430726
2016-01-31,brand5,2944.0003299999994,219.8916338249677
2016-02-07,brand5,4282.339999999999,271.9153470440192
2016-02-15,brand5,4396.568320000001,203.33420760147445
2016-02-22,brand1,4531.339245000001,798.4738024391206
2016-03-01,brand1,3134.47505,776.3874458535773
2016-03-08,brand1,6199.93357,860.5220636843956
2016-03-16,brand1,6922.254500000002,999.5481151351896
2016-03-23,brand2,1344.03091,306.85619476013846
2016-03-31,brand2,1824.82402,389.3909663773662
2016-04-07,brand2,2630.4045,473.6935502650857
2016-04-15,brand2,4455.881110000001,365.1912899916969
2016-04-22,brand3,5346.494299999998,528.585056789279
2016-04-30,brand3,4443.902729999999,479.81829138729125
2016-05-07,brand3,6716.902079999999,520.4378155094348
2016-05-15,brand3,8968.446049999997,596.0926276309959
2016-05-22,brand4,2972.5409499999982,430.6460877771751
2016-05-30,brand4,1399.4873299999997,420.8995454149452
2016-06-06,brand4,2926.410569999998,424.7862652220532
2016-06-14,brand4,5792.697870000001,555.706016287544
2016-06-21,brand5,3924.8189199999993,281.98387335146384
2016-06-29,brand5,1906.64409,213.54917030031348
2016-07-06,brand5,2867.5115,262.61165969728154
2016-07-14,brand5,5524.41066,238.6044078166668
2016-07-21,brand1,5288.568799999999,801.3491712319086
2016-07-29,brand1,4068.65464,787.8042593209416
2016-08-05,brand1,5907.11109,829.681208282713
2016-08-13,brand1,9302.202679999991,1009.2356794883416
2016-08-20,brand2,2599.2621200000003,366.4743125623268
2016-08-28,brand2,1017.5916,361.7449267398344
2016-09-04,brand2,1976.687,453.4598384838298
2016-09-12,brand2,3788.439089999999,351.6340857423078
2016-09-19,brand3,6279.020709999999,518.7613389571105
2016-09-27,brand3,5469.377450000002,496.25846963393815
2016-10-04,brand3,7775.950659999999,488.8989769929764
2016-10-12,brand3,11034.683980000002,579.2747704419503
2016-10-19,brand4,3026.04181,459.5591859973149
2016-10-27,brand4,1373.4252970000002,398.6055968187188
2016-11-03,brand4,2633.7648,408.57252197631584
2016-11-11,brand4,4250.108649999997,532.6182549036574
2016-11-18,brand5,3365.744839999999,278.8391579379276
2016-11-26,brand5,2342.25087,241.03994905744952
2016-12-03,brand5,3457.42915,290.8683852711971
2016-12-11,brand5,3948.943609999998,251.78699292589636
2016-12-18,brand1,4027.01213,805.5982432383009
2016-12-26,brand1,2304.4050240000006,748.8176266591668
2017-01-02,brand1,5430.11329,839.3490943599685
2017-01-10,brand1,6481.239626999999,986.2880285062516
2017-01-17,brand2,745.24101,258.4885362778724
2017-01-25,brand2,1518.56227,415.2910341271452
2017-02-01,brand2,2012.38178,465.1434525970037
2017-02-09,brand2,2703.4971400000004,341.4475744943387
2017-02-16,brand3,6068.1383700000015,519.6933305957324
2017-02-24,brand3,1897.40178,429.3946995778796
2017-03-03,brand3,8291.270209999999,464.0221720124381
2017-03-11,brand3,6885.203560000002,584.9753214343698
2017-03-18,brand4,2655.13537,447.30837683289735
2017-03-26,brand4,1367.3394540000002,431.4720359624502
2017-04-02,brand4,2237.14206,397.74829237746127
2017-04-10,brand4,4863.1083,588.9326453709301
2017-04-17,brand5,5089.42897,355.16186118833866
2017-04-25,brand5,2261.0822640000006,221.92982288881905
2017-05-02,brand5,3605.6495999999993,275.7010727120062
2017-05-10,brand5,4915.572449999999,205.2870870364964
2017-05-17,brand1,4155.096887999999,805.7679000485948
2017-05-25,brand1,3702.2055999999984,791.9626785097413
2017-06-01,brand1,6339.940050000002,848.162012229508
2017-06-09,brand1,7739.762444000001,1012.4251212985668
2017-06-16,brand2,1428.3810600000002,302.82690054387297
2017-06-24,brand2,2274.67079,415.3080238343673
2017-07-01,brand2,2356.103,460.1209809329521
2017-07-09,brand2,5575.506999999998,371.90837368149664
2017-07-16,brand3,5975.785820000001,558.651852094914
2017-07-24,brand3,4631.540142999998,511.64481419291815
2017-07-31,brand3,6614.064890000002,453.4875728816637
2017-08-08,brand3,11179.203279999998,607.6214823832565
2017-08-15,brand4,2973.4765800000005,470.1901962661203
2017-08-23,brand4,2183.783789,457.951861525631
2017-08-30,brand4,2633.699969999999,424.0488687225388
2017-09-07,brand4,6630.588029999998,562.3038597414716
2017-09-14,brand5,3592.2771700000003,277.41199612815126
2017-09-22,brand5,2656.1616700000004,270.03538051441734
2017-09-29,brand5,3495.092399999998,281.8590265989186
2017-10-07,brand5,6343.518289999997,229.34593230940095
2017-10-14,brand1,2975.491379999999,764.0305172826121
2017-10-22,brand1,3031.035570000002,788.5988611239447
2017-10-29,brand1,3110.776969999999,828.9695213446664
2017-11-06,brand1,5578.630770000001,970.4223638064708
2017-11-13,brand2,1991.65581,362.2163934420498
2017-11-21,brand2,1935.64293,397.1309168095664
2017-11-28,brand2,1732.5302299999996,436.6276697406646
2017-12-06,brand2,3491.611420000001,344.8198114682121
2017-12-13,brand3,5417.68239,539.6418702542998
2017-12-21,brand3,3787.98521,489.78502871333103
2017-12-28,brand3,6193.694499999999,435.60034684354105
2018-01-05,brand3,11061.720880000006,574.7238952932522
2018-01-12,brand4,2354.8040100000003,445.12054005761104
2018-01-20,brand4,1526.00419,406.05579718156105
2018-01-27,brand4,1888.3568999999995,385.0341893605319
2018-02-04,brand4,5090.79971,540.1093034526255
2018-02-11,brand5,3937.28129,308.11161760849507
2018-02-19,brand5,1678.35472,217.89658984444333
2018-02-26,brand5,2846.2898,249.726147580969
2018-03-06,brand5,4440.716380000001,206.0066693535367
2018-03-13,brand1,4292.39934,793.0698323383764
2018-03-21,brand1,4227.142618999999,779.9778237722523
2018-03-28,brand1,6003.441769999999,879.8110752341935
2018-04-05,brand1,6836.663430000002,1014.4566352652056
2018-04-12,brand2,908.87215,269.3271140788669
2018-04-20,brand2,2640.4443100000017,426.8832154193108
2018-04-27,brand2,2709.85523,496.8782136483569
2018-05-05,brand2,4195.443400000001,371.7200731501929
2018-05-12,brand3,5083.656030000001,520.8491620212053
2018-05-20,brand3,3895.99291,491.4825665986834
2018-05-27,brand3,7776.98972,466.923295145746
2018-06-04,brand3,9357.888183000005,590.4244173329525
2018-06-11,brand4,3050.8018,476.53769182899646
2018-06-19,brand4,2077.2822,437.442034117008
2018-06-26,brand4,3189.04236,457.266444706504
2018-07-04,brand4,4888.1726800000015,574.1980902568891
2018-07-11,brand5,4747.919799999999,284.70861465896417
2018-07-19,brand5,2370.1639300000006,250.52701426572443
2018-07-26,brand5,4043.905150000003,286.0741640578133
2018-08-03,brand5,5383.229160000001,213.2926908410037
2018-08-10,brand1,3664.3401599999993,803.8703235988543
2018-08-18,brand1,2954.6015299999995,759.0341332267019
2018-08-25,brand1,4710.674650000001,827.8224379789269
2018-09-02,brand1,6905.96123,980.8483138922712
2018-09-09,brand2,1324.19639,310.71077269136964
2018-09-17,brand2,1497.7032300000003,375.36352044384654
2018-09-24,brand2,2058.10014,448.96164817790384
2018-10-02,brand2,2978.3796989999987,359.0939814458632
2018-10-09,brand3,6475.069059999999,518.9237461673305
2018-10-17,brand3,3765.51833,480.6337260572644
2018-10-24,brand3,5459.505040000001,444.0013301545504
2018-11-01,brand3,7900.419889999999,563.6189533867836
2018-11-08,brand4,2350.807909999999,419.0547917048536
2018-11-16,brand4,1873.0272,430.653455007749
2018-11-23,brand4,2725.92667,407.665819266393
2018-12-01,brand4,3489.2531199999994,512.9271739004446
2018-12-08,brand5,3359.162,326.7760150931007
2018-12-16,brand5,1725.2479399999995,209.12490231390248
2018-12-23,brand5,3458.52743,258.4198027769341
2018-12-31,brand5,3957.8781599999984,235.7980170528728
2014-11-30,brand1,3704.325958080001,792.1069153932435
2014-12-07,brand1,2198.4150990000003,721.0957142163343
2014-12-14,brand1,5094.77967,843.4038200373586
2014-12-22,brand1,7426.411989999997,1017.7013846557636
2014-12-29,brand2,890.8792800000001,271.71058830330503
2015-01-06,brand2,1783.7626999999998,399.52225761905794
2015-01-13,brand2,1816.9099000000003,437.2876158087249
2015-01-21,brand2,4553.889393999999,350.8146936207001
2015-01-28,brand3,5452.73744,526.9518071283377
2015-02-05,brand3,4217.800840000001,479.0218361037464
2015-02-12,brand3,8074.55443,469.3441665497486
2015-02-20,brand3,11322.189419999995,582.0273995390079
2015-02-27,brand4,2106.3634,412.4602178684257
2015-03-07,brand4,1524.2077200000003,412.4618707629305
2015-03-14,brand4,3471.91197,420.91968851767047
2015-03-22,brand4,5611.79634,559.0053349893504
2015-03-29,brand5,3812.91367,281.6202188689932
2015-04-06,brand5,1959.43156,213.49836327282503
2015-04-13,brand5,3923.268470000001,268.50532045129904
2015-04-21,brand5,4788.03191,210.47587390034997
2015-04-28,brand1,2493.76241,749.4964963158459
2015-05-06,brand1,2241.93105,701.9241412956302
2015-05-13,brand1,5600.567730000002,835.4046727610558
2015-05-21,brand1,6252.004919999997,992.7234343219596
2015-05-28,brand2,1234.0282499999996,291.8894372803386
2015-06-05,brand2,1994.898175,392.2503282946329
2015-06-12,brand2,2984.6123,490.6561165952196
2015-06-20,brand2,3548.347583000001,361.0168575522919
2015-06-27,brand3,4494.287899999999,500.2326128936713
2015-07-05,brand3,4464.201189999999,512.5342121163806
2015-07-12,brand3,6289.702380000002,447.180904513188
2015-07-20,brand3,9150.67763,567.2048499225551
2015-07-27,brand4,3771.937640000001,453.2401671008516
2015-08-04,brand4,884.5729800000003,355.81518064876144
2015-08-11,brand4,2099.405600000001,432.1555718097344
2015-08-19,brand4,6009.896219999997,548.1370501126565
2015-08-26,brand5,2777.0802800000006,271.4712288998809
2015-09-03,brand5,1579.4715299999998,227.5779853822326
2015-09-10,brand5,2379.86283,244.02931066266635
2015-09-18,brand5,3222.5532099999987,190.2175871781596
2015-09-25,brand1,3734.328235,801.2646481787388
2015-10-03,brand1,2446.55272,730.2138600831985
2015-10-10,brand1,4630.237350000001,825.8136650173075
2015-10-18,brand1,5422.362749999999,983.4077619299204
2015-10-25,brand2,617.0478800000001,243.06642945869692
2015-11-02,brand2,831.0953099999998,342.02447890918125
2015-11-09,brand2,2040.5494800000008,455.26178411760645
2015-11-17,brand2,2876.001490000001,330.7345399180498
2015-11-24,brand3,4612.994785,509.7570063534663
2015-12-02,brand3,2327.539039999999,444.1905797166376
2015-12-09,brand3,7304.021670000001,462.12648589051264
2015-12-17,brand3,9832.022569999996,632.7164849989749
2015-12-24,brand4,3570.7065099999995,473.3717289930827
2016-01-01,brand4,1470.20763,425.7885223165384
2016-01-08,brand4,2156.7568400000005,415.17381998278177
2016-01-16,brand4,4162.9727200000025,544.0266576150627
2016-01-23,brand5,3029.91839,306.45016828031146
2016-01-31,brand5,2062.14283,226.00572220312156
2016-02-07,brand5,3024.9017499999995,252.9837819695557
2016-02-15,brand5,4361.625909999998,215.36451252028485
2016-02-22,brand1,2291.57378,741.3989699460791
2016-03-01,brand1,4189.59685,793.409404796505
2016-03-08,brand1,5205.45251,834.009490456248
2016-03-16,brand1,6955.952540000002,1009.5472277307134
2016-03-23,brand2,872.9331100000002,267.02385099413846
2016-03-31,brand2,1078.68777,340.3071173150515
2016-04-07,brand2,1367.43753,425.0703264566644
2016-04-15,brand2,3508.92991,354.5345835974349
2016-04-22,brand3,5309.953990000001,507.0387454361414
2016-04-30,brand3,4315.713360000002,504.7364013254444
2016-05-07,brand3,6531.047230000001,475.7070839133062
2016-05-15,brand3,12045.838876,606.490657532547
2016-05-22,brand4,2180.5343100000005,419.1366244102991
2016-05-30,brand4,2154.2955700000007,456.81256403241
2016-06-06,brand4,3234.75172,422.38038118962334
2016-06-14,brand4,5004.704250000001,541.2867154961136
2016-06-21,brand5,2435.62076,269.2280602773108
2016-06-29,brand5,2311.348444,238.5633665104943
2016-07-06,brand5,1824.65746,230.493826651432
2016-07-14,brand5,4879.623009999999,204.1602527718348
2016-07-21,brand1,2547.19826,750.8008078857899
2016-07-29,brand1,2213.242390000001,720.2669002000582
2016-08-05,brand1,6234.608989999998,906.8160411938144
2016-08-13,brand1,5750.569399999999,968.3386628194733
2016-08-20,brand2,561.5535800000001,246.93910010395817
2016-08-28,brand2,2094.1887300000003,402.7946068353439
2016-09-04,brand2,1968.15913,463.9807842664961
2016-09-12,brand2,3447.6530099999995,354.69112543631195
2016-09-19,brand3,5241.758110000001,516.5095118964463
2016-09-27,brand3,4376.277279999999,487.7022555764351
2016-10-04,brand3,6921.169079999999,453.05754233606655
2016-10-12,brand3,10185.887529999996,587.9147810884123
2016-10-19,brand4,1261.41916,383.1728043368638
2016-10-27,brand4,1270.4290100000003,400.5841874815424
2016-11-03,brand4,2247.90068,433.08711343331015
2016-11-11,brand4,2921.1450899999995,505.11868786053225
2016-11-18,brand5,3815.89675,291.8789006222051
2016-11-26,brand5,1820.2242,205.30943666949784
2016-12-03,brand5,2885.6589499999995,285.9201829155502
2016-12-11,brand5,3314.4722600000005,189.11937693395285
2016-12-18,brand1,3406.196739999999,770.9205417734282
2016-12-26,brand1,3344.31264,768.9777282784568
2017-01-02,brand1,4458.014230000001,841.5836197912117
2017-01-10,brand1,4088.526864,956.4499455029006
2017-01-17,brand2,1412.6880199999996,303.1466430965584
2017-01-25,brand2,1659.0470700000003,384.2885050064438
2017-02-01,brand2,2248.76404,456.1766884908244
2017-02-09,brand2,2072.5313099999994,335.8566662659404
2017-02-16,brand3,4326.734821999999,499.5138290209673
2017-02-24,brand3,5031.36731,517.9660701370179
2017-03-03,brand3,6822.089930000002,448.04384563510695
2017-03-11,brand3,7356.30805,597.0896571457798
2017-03-18,brand4,2659.7401900000004,427.8992724929644
2017-03-26,brand4,1703.45174,446.18588541177246
2017-04-02,brand4,1714.64755,403.59242694584606
2017-04-10,brand4,4574.49944,530.6202255259116
2017-04-17,brand5,2678.82079,312.9825798751046
2017-04-25,brand5,1615.2013800000004,210.15552974182376
2017-05-02,brand5,2237.5238,255.7734687075932
2017-05-10,brand5,2482.810825,184.5944186424146
2017-05-17,brand1,2760.3460299999983,789.8271817743989
2017-05-25,brand1,4263.839551999999,820.175364253136
2017-06-01,brand1,5025.647469999998,875.462613326772
2017-06-09,brand1,6410.2093,989.6062782547718
2017-06-16,brand2,379.3680300000001,201.70046128971828
2017-06-24,brand2,1874.362009,394.9048337326906
2017-07-01,brand2,2057.6952600000004,440.4817899471394
2017-07-09,brand2,2317.6097900000004,319.32320442886464
2017-07-16,brand3,3993.673800000001,564.831078746219
2017-07-24,brand3,4357.650739999998,498.5059783327467
2017-07-31,brand3,6549.489700000001,438.5804760638701
2017-08-08,brand3,9843.779240000003,576.0250663733615
2017-08-15,brand4,1919.30413,442.0354039480335
2017-08-23,brand4,1717.618729999999,431.4843487318848
2017-08-30,brand4,3170.4922099999985,409.2309356681171
2017-09-07,brand4,5630.291124000001,565.6965425863264
2017-09-14,brand5,3877.32719,299.96521657944766
2017-09-22,brand5,2239.474389999999,213.9003048035132
2017-09-29,brand5,2100.45207,244.7662043444444
2017-10-07,brand5,3374.0844600000005,206.14501930883355
2017-10-14,brand1,4149.53591,809.3069306304501
2017-10-22,brand1,4571.41481,797.5086949839219
2017-10-29,brand1,3982.03802,831.4037587446517
2017-11-06,brand1,5334.105749999998,968.6026268991108
2017-11-13,brand2,1665.8476200000005,337.9972279128626
2017-11-21,brand2,2718.7972199999995,423.4421789285444
2017-11-28,brand2,2021.60675,460.95499086584704
2017-12-06,brand2,2193.479920000001,334.80178177034225
2017-12-13,brand3,4198.328579999999,530.2552769940374
2017-12-21,brand3,4098.830559999999,526.1965544468778
2017-12-28,brand3,8008.605320000002,446.8453424620167
2018-01-05,brand3,6726.9663,573.4518713890442
2018-01-12,brand4,973.5509000000004,361.90551393564266
2018-01-20,brand4,1664.1899399999998,424.3016579545406
2018-01-27,brand4,1928.5774200000003,434.3269971454399
2018-02-04,brand4,4407.002229999999,535.9086806524031
2018-02-11,brand5,3635.4946999999984,285.33214307377466
2018-02-19,brand5,1385.7224199999998,217.2714395596269
2018-02-26,brand5,2114.62576,250.98064463780975
2018-03-06,brand5,1925.06353,180.7940098358111
2018-03-13,brand1,4538.813260000001,796.096016328494
2018-03-21,brand1,1617.5656069999998,653.3342801485688
2018-03-28,brand1,4163.356450000001,817.6850607313604
2018-04-05,brand1,4352.975360000002,939.777497722214
2018-04-12,brand2,1263.6798699999997,325.79484731741195
2018-04-20,brand2,1100.9686,364.80736603124
2018-04-27,brand2,2001.11129,446.520107983354
2018-05-05,brand2,2571.75194,331.4704625882315
2018-05-12,brand3,7349.419290000002,544.7742193625891
2018-05-20,brand3,3398.733659999999,474.54691744981966
2018-05-27,brand3,6514.04675,446.5219883211382
2018-06-04,brand3,10666.210342,583.1105112096911
2018-06-11,brand4,1821.31008,402.8217180713317
2018-06-19,brand4,1796.7593699999998,453.02511074484096
2018-06-26,brand4,2550.1937500000004,400.5052148211216
2018-07-04,brand4,4840.737050000001,551.192147675187
2018-07-11,brand5,4787.632370000001,289.02594870538906
2018-07-19,brand5,2908.8170900000005,233.44939384259936
2018-07-26,brand5,2957.12984,258.3491586439183
2018-08-03,brand5,4256.527019999999,194.14288159971363
2018-08-10,brand1,3297.7620600000005,768.3755264239843
2018-08-18,brand1,2738.68423,756.6095168821229
2018-08-25,brand1,5653.7242,845.9096903362658
2018-09-02,brand1,4230.570843,939.637957967701
2018-09-09,brand2,1485.3061,344.926079163463
2018-09-17,brand2,1297.9937699999998,372.364271053597
2018-09-24,brand2,1428.3173999999997,419.2817183796457
2018-10-02,brand2,4002.88815,340.774584489204
2018-10-09,brand3,5271.065589999998,532.0037392451385
2018-10-17,brand3,3679.69398,491.1921638785674
2018-10-24,brand3,5694.275629999998,454.8594413933517
2018-11-01,brand3,9280.69965,631.3660225899898
2018-11-08,brand4,2153.26621,439.1878629483962
2018-11-16,brand4,1604.94455,413.9521871037402
2018-11-23,brand4,2097.37735,388.9670469469636
2018-12-01,brand4,3715.13408,563.2624421646353
2018-12-08,brand5,3622.642230000001,295.69780571692803
2018-12-16,brand5,1783.2972499999994,201.7234091987576
2018-12-23,brand5,3303.642609999999,259.38342924412973
2018-12-31,brand5,3321.7405199999994,224.96013059688676
2014-11-30,brand1,3675.836600000001,784.6044735047224
2014-12-07,brand1,3179.04266,812.8311728799287
2014-12-14,brand1,5288.60435,833.5193456244382
2014-12-22,brand1,7493.633760000002,1006.7684319488358
2014-12-29,brand2,1628.6651499999998,360.4615543916621
2015-01-06,brand2,2625.13698,430.49789044247575
2015-01-13,brand2,1724.04969,441.658467382279
2015-01-21,brand2,3488.756829999999,354.5355707567824
2015-01-28,brand3,6355.238519999999,533.1187760882744
2015-02-05,brand3,4048.82996,502.2061248692369
2015-02-12,brand3,5392.2851,473.551405808897
2015-02-20,brand3,10501.608799000003,607.5086313944187
2015-02-27,brand4,3875.514609999999,441.7941174338505
2015-03-07,brand4,1821.29113,464.2193513288304
2015-03-14,brand4,2255.28036,396.3424593937585
2015-03-22,brand4,5576.152319999997,579.3818024822396
2015-03-29,brand5,3426.5230000000006,288.4427194586783
2015-04-06,brand5,2255.49104,245.84804132245887
2015-04-13,brand5,2928.1508200000007,250.94129995662857
2015-04-21,brand5,5658.329080000001,195.88222917071752
2015-04-28,brand1,2782.80927,808.0870031766219
2015-05-06,brand1,3939.286509999999,779.4507346230841
2015-05-13,brand1,4385.967339999999,811.2834949064115
2015-05-21,brand1,5352.211899999999,962.920692767438
2015-05-28,brand2,946.13341,277.32314760793923
2015-06-05,brand2,2810.6833900000006,422.5430446497502
2015-06-12,brand2,1230.54503,411.9902279695065
2015-06-20,brand2,4013.393310000001,359.8355464655242
2015-06-27,brand3,3569.4383799999987,500.4384362727487
2015-07-05,brand3,4712.875639999999,525.7576345971543
2015-07-12,brand3,6145.44323,469.62723281744366
2015-07-20,brand3,8540.97893,582.0206608143941
2015-07-27,brand4,2535.82835,430.8073475782672
2015-08-04,brand4,2088.965,459.55277684844856
2015-08-11,brand4,1634.4717,392.5104224410177
2015-08-19,brand4,4778.8227,572.4735750010962
2015-08-26,brand5,2923.7182000000007,280.34634361128576
2015-09-03,brand5,2367.05809,222.09955600581733
2015-09-10,brand5,3485.954840000001,289.64271656761264
2015-09-18,brand5,4580.05038,223.61475744824108
2015-09-25,brand1,2249.316070000001,739.1905385073653
2015-10-03,brand1,2190.04446,722.2076987555405
2015-10-10,brand1,2635.504449999998,774.9571499189668
2015-10-18,brand1,4133.080900000001,944.1723729915348
2015-10-25,brand2,584.7338500000001,245.49457925206775
2015-11-02,brand2,863.4236999999999,329.0888625489192
2015-11-09,brand2,1200.1289000000002,404.2068081708215
2015-11-17,brand2,3100.3004000000005,360.542605651054
2015-11-24,brand3,4718.182886000001,516.5756198268984
2015-12-02,brand3,3398.6282120000005,511.5848467230479
2015-12-09,brand3,5778.9734,437.56360176657495
2015-12-17,brand3,7985.606851,605.2544760799917
2015-12-24,brand4,2013.569366,446.5893696532281
2016-01-01,brand4,994.90243,413.1762888933214
2016-01-08,brand4,2125.88527,442.2930416152683
2016-01-16,brand4,4398.835120000002,528.3482608258868
2016-01-23,brand5,3241.0715400000004,342.3869066347847
2016-01-31,brand5,1386.490577,212.2814494883657
2016-02-07,brand5,3599.751399999999,280.1118774094502
2016-02-15,brand5,5078.911820000002,192.50036544485195
2016-02-22,brand1,918.74628,600.592172122386
2016-03-01,brand1,2603.9940000000006,739.9856696916404
2016-03-08,brand1,2327.5829200000003,753.7174876216831
2016-03-16,brand1,3496.55657,912.2818574373748
2016-03-23,brand2,0.0,90.89383600367113
2016-03-31,brand2,1255.3873799999997,381.0187510563863
2016-04-07,brand2,2205.21452,447.1263401163008
2016-04-15,brand2,2321.47781,354.27932613707003
2016-04-22,brand3,4749.567692999999,509.3359741338957
2016-04-30,brand3,4786.052259999999,493.4465083856177
2016-05-07,brand3,5219.29262,431.635759145571
2016-05-15,brand3,9910.657329999996,586.7682813738709
2016-05-22,brand4,1179.9936199999995,366.3958654253394
2016-05-30,brand4,1701.8446700000004,430.2920873083348
2016-06-06,brand4,2405.3046600000007,395.4064903696087
2016-06-14,brand4,3894.910930000002,536.2314536916682
2016-06-21,brand5,2401.848393,295.2577915594833
2016-06-29,brand5,1899.39982,220.2681349465567
2016-07-06,brand5,4379.796500000001,285.2616117205776
2016-07-14,brand5,4562.656540000001,201.3108861218791
2016-07-21,brand1,2383.061239999999,741.8680354503101
2016-07-29,brand1,1805.7468,746.4608563169808
2016-08-05,brand1,3338.3209299999976,800.5569474506493
2016-08-13,brand1,5711.488519999996,990.305155600793
2016-08-20,brand2,977.8118500000002,296.9582321704164
2016-08-28,brand2,1693.0691900000002,393.6439010396261
2016-09-04,brand2,895.9956000000003,380.1296110376011
2016-09-12,brand2,1546.91098,310.2146224020197
2016-09-19,brand3,4861.81001,521.257677829323
2016-09-27,brand3,3057.6304200000004,498.4621450315311
2016-10-04,brand3,5596.004749999999,432.8563160617659
2016-10-12,brand3,8995.760250000003,612.4020648393544
2016-10-19,brand4,1841.51317,402.17287674649697
2016-10-27,brand4,1545.4537399999997,423.1833175610889
2016-11-03,brand4,2367.3750800000007,393.3865152366977
2016-11-11,brand4,3464.9143800000006,556.985705179981
2016-11-18,brand5,3031.0947300000016,290.2721231222786
2016-11-26,brand5,2045.58256,222.46654903217396
2016-12-03,brand5,2792.199000000001,251.50553684686
2016-12-11,brand5,3584.9031,194.49314565016755
2016-12-18,brand1,2194.9456199999995,731.3714145487919
2016-12-26,brand1,2897.57181,766.382941667749
2017-01-02,brand1,3852.709069999999,804.1631466674054
2017-01-10,brand1,3998.676450000001,938.3717274468604
2017-01-17,brand2,504.5315,234.27788221096512
2017-01-25,brand2,2111.59551,409.3675985561145
2017-02-01,brand2,932.5480200000002,411.7277050625314
2017-02-09,brand2,3015.05625,379.8932113277204
2017-02-16,brand3,3893.3384230000006,558.9663087806682
2017-02-24,brand3,3827.326430000001,483.6711870878434
2017-03-03,brand3,4978.27072,501.5552138528791
2017-03-11,brand3,6947.005856219998,570.6184680501923
2017-03-18,brand4,1482.9300900000003,389.4394518778904
2017-03-26,brand4,1921.77353,444.06080502794487
2017-04-02,brand4,2445.5527,418.4227303434524
2017-04-10,brand4,3761.800980000001,530.4848786504359
2017-04-17,brand5,2700.91282,276.854192704686
2017-04-25,brand5,1611.83448,226.2817956281378
2017-05-02,brand5,3719.459899999999,297.5103008190388
2017-05-10,brand5,4188.1861,208.61715961284727
2017-05-17,brand1,2817.7426399999995,761.2902600883756
2017-05-25,brand1,3061.1510699999985,762.44769700831
2017-06-01,brand1,4558.653139999999,815.6577122930966
2017-06-09,brand1,6301.7068,989.3795898436292
2017-06-16,brand2,1690.75844,330.7664908952937
2017-06-24,brand2,1559.7176899999995,415.2563403830321
2017-07-01,brand2,1376.5258,415.1547874136796
2017-07-09,brand2,3370.1878500000007,344.4735922274708
2017-07-16,brand3,4880.31171,536.3339258191587
2017-07-24,brand3,2954.5503200000016,487.8613329782872
2017-07-31,brand3,4570.95398,444.8169941051849
2017-08-08,brand3,10814.933062,583.3916555319512
2017-08-15,brand4,2315.26098,425.7800900529359
2017-08-23,brand4,1757.3442899999998,437.7221210408617
2017-08-30,brand4,2404.35981,439.1442445870212
2017-09-07,brand4,6863.288550000001,546.2088453996494
2017-09-14,brand5,2984.4907600000006,293.1498864786114
2017-09-22,brand5,2227.57332,217.5752310268829
2017-09-29,brand5,2832.031699999998,298.64886907398807
2017-10-07,brand5,3441.49789,193.2372703460761
2017-10-14,brand1,4064.24282,813.1879980957176
2017-10-22,brand1,3394.736940000002,760.8217902067292
2017-10-29,brand1,4723.37912,833.400119331041
2017-11-06,brand1,3889.90467,955.429229321426
2017-11-13,brand2,1296.6672500000002,347.56634510311915
2017-11-21,brand2,2195.674059999999,397.8194527773418
2017-11-28,brand2,1387.79907,429.7637523918981
2017-12-06,brand2,1983.30644,323.0997616533199
2017-12-13,brand3,3926.28741,496.7133891298658
2017-12-21,brand3,4001.88042,497.6254738049169
2017-12-28,brand3,4566.900300000001,441.2457236661928
2018-01-05,brand3,8923.936669999996,578.282640855226
2018-01-12,brand4,2819.35273,430.48096188864025
2018-01-20,brand4,2586.4881000000005,454.9201957280574
2018-01-27,brand4,2608.3644600000007,421.5703507329987
2018-02-04,brand4,3994.7000870000006,552.7058678623142
2018-02-11,brand5,2980.2202300000004,280.6157907194658
2018-02-19,brand5,1695.96135,223.3625533146684
2018-02-26,brand5,2536.64966,283.1913496198503
2018-03-06,brand5,2943.21928,183.77045963948208
2018-03-13,brand1,3762.18822,778.0097611337379
2018-03-21,brand1,2981.93411,776.6429141088572
2018-03-28,brand1,4662.56077,853.6041979492455
2018-04-05,brand1,6384.041010000002,1007.1641643302644
2018-04-12,brand2,594.50604,236.14561526470948
2018-04-20,brand2,859.58513,323.4231582031075
2018-04-27,brand2,1471.33937,422.2466103798768
2018-05-05,brand2,4068.00233,370.9023845314246
2018-05-12,brand3,5160.97056,572.148115967607
2018-05-20,brand3,2732.96786,491.1961870820763
2018-05-27,brand3,5540.205669999999,433.1194424535883
2018-06-04,brand3,9280.477750000002,591.8059506795066
2018-06-11,brand4,1455.7530800000004,410.3887828893824
2018-06-19,brand4,1176.4582200000002,396.48648564751096
2018-06-26,brand4,2273.6644,419.7127328667559
2018-07-04,brand4,5084.564599999997,540.5258739473344
2018-07-11,brand5,3261.96241,320.5643068929716
2018-07-19,brand5,1716.5231999999996,225.66922596876043
2018-07-26,brand5,3904.86967,313.6940646488865
2018-08-03,brand5,3756.2062,201.8427135742919
2018-08-10,brand1,2956.9376,758.5835608580817
2018-08-18,brand1,2700.682799999999,725.7210616520777
2018-08-25,brand1,1728.1523300000006,737.4254554704394
2018-09-02,brand1,5250.231991000001,969.3976236237316
2018-09-09,brand2,351.54227,205.18493971534053
2018-09-17,brand2,2011.18032,406.25929485668985
2018-09-24,brand2,812.8922000000001,387.9374795631263
2018-10-02,brand2,3727.2603800000015,356.36038919357253
2018-10-09,brand3,3921.8042699999983,501.7550814459808
2018-10-17,brand3,3891.2308000000007,492.584048607534
2018-10-24,brand3,5567.881590000001,433.04327585195375
2018-11-01,brand3,9557.83184,572.8754998702218
2018-11-08,brand4,2624.63544,445.9175265464343
2018-11-16,brand4,1720.3708999999997,449.5501727335286
2018-11-23,brand4,1561.95962,377.3663296770222
2018-12-01,brand4,6037.250169999999,548.4793022167706
2018-12-08,brand5,2702.58504,289.98132547354425
2018-12-16,brand5,1588.3520200000005,219.87463437105149
2018-12-23,brand5,2362.37661,244.4044999893092
2018-12-31,brand5,4442.65312,198.1576194088881
2014-11-30,brand1,2743.7312799999995,773.3721767356836
2014-12-07,brand1,3994.517420000001,774.2975543922748
2014-12-14,brand1,4175.6411800000005,815.6906660804613
2014-12-22,brand1,6330.902050000001,970.4905909839345
2014-12-29,brand2,902.68737,310.5326780506002
2015-01-06,brand2,2747.5844400000005,458.08729972994126
2015-01-13,brand2,2005.4692700000005,462.3456851316226
2015-01-21,brand2,3698.940440000001,351.15156328875105
2015-01-28,brand3,3108.0893400000004,496.1471920539012
2015-02-05,brand3,4381.074590000001,504.7075587210858
2015-02-12,brand3,5151.813300000002,440.9212859828451
2015-02-20,brand3,9875.704780000004,618.7768717601285
2015-02-27,brand4,2606.71808,440.6496829533118
2015-03-07,brand4,1649.98585,412.2975595868477
2015-03-14,brand4,2978.58048,426.1099415781016
2015-03-22,brand4,5116.26757,551.00898559455
2015-03-29,brand5,3121.5826500000003,304.5486036917479
2015-04-06,brand5,3084.821050000001,222.06220183902715
2015-04-13,brand5,3683.6953,277.05218844358654
2015-04-21,brand5,5171.945410000001,199.6651381789688
2015-04-28,brand1,3143.84117,773.6629677088865
2015-05-06,brand1,3198.86837,765.2597849862238
2015-05-13,brand1,6028.9134300000005,855.8557635400853
2015-05-21,brand1,6513.49501,971.7382384990392
2015-05-28,brand2,1019.4260000000002,294.80673731348134
2015-06-05,brand2,1212.2963000000002,393.2568227550931
2015-06-12,brand2,1828.1838,438.9432147506877
2015-06-20,brand2,2754.33192,345.20961476732805
2015-06-27,brand3,5454.349809999999,526.381057405673
2015-07-05,brand3,3276.966479999999,472.8880007380196
2015-07-12,brand3,5703.789600000001,449.0238477818024
2015-07-20,brand3,7187.163530000001,570.9322698127876
2015-07-27,brand4,2565.8702500000004,424.6469558678284
2015-08-04,brand4,1741.87657,433.1748956570871
2015-08-11,brand4,2286.2704000000003,396.9327324823739
2015-08-19,brand4,3504.5549929999984,540.472848113133
2015-08-26,brand5,4587.078749999998,290.7840631838378
2015-09-03,brand5,1720.2453,235.12845617999096
2015-09-10,brand5,3729.7066799999993,275.50974939954665
2015-09-18,brand5,2554.15956,180.7726544108658
2015-09-25,brand1,2669.8672100000003,783.0229605542173
2015-10-03,brand1,2433.800919999999,742.1885019988438
2015-10-10,brand1,4067.08435,804.1200774951798
2015-10-18,brand1,6084.816539999999,971.339672781418
2015-10-25,brand2,585.9519500000001,261.618476268915
2015-11-02,brand2,1608.26178,393.7380038343405
2015-11-09,brand2,2471.698680000001,468.9816105299127
2015-11-17,brand2,2839.505660000001,338.82573827320084
2015-11-24,brand3,4825.936419999998,518.7579952572439
2015-12-02,brand3,2781.4215900000004,455.06410640320513
2015-12-09,brand3,6461.682849999998,438.7820847293871
2015-12-17,brand3,8412.452790000001,614.9278139562045
2015-12-24,brand4,988.3734600000004,363.0695051194828
2016-01-01,brand4,1365.0647599999998,418.1224498707545
2016-01-08,brand4,2132.1506,405.9138022192374
2016-01-16,brand4,3599.87492,521.4995731947064
2016-01-23,brand5,2141.14284,267.25192079943656
2016-01-31,brand5,1493.8140599999997,209.8158322042148
2016-02-07,brand5,3004.7278399999987,261.58208811460975
2016-02-15,brand5,4013.42126,209.2652613817321
2016-02-22,brand1,2723.871669999998,761.673559975431
2016-03-01,brand1,3670.52136,765.6783825810564
2016-03-08,brand1,3632.59034,793.2130934335454
2016-03-16,brand1,6481.37183,990.9120792082194
2016-03-23,brand2,661.94626,252.65841098356984
2016-03-31,brand2,1020.9833400000005,336.02653403721774
2016-04-07,brand2,1313.70045,412.1128865643388
2016-04-15,brand2,2451.48115,331.1373118104727
2016-04-22,brand3,3323.3978300000003,493.7817638930822
2016-04-30,brand3,3535.519870000001,509.4485606427447
2016-05-07,brand3,5914.3187370000005,441.0066267751433
2016-05-15,brand3,9668.24735,603.4602996707495
2016-05-22,brand4,1936.0351900000005,426.14628055102366
2016-05-30,brand4,1772.1463699999997,447.9441518780851
2016-06-06,brand4,1968.5083,387.5455826825268
2016-06-14,brand4,5598.396749999999,572.5756554439301
2016-06-21,brand5,3887.60911,317.6477948060837
2016-06-29,brand5,1926.2112799999995,210.2550842790535
2016-07-06,brand5,2283.648999999999,240.4395183479754
2016-07-14,brand5,3928.93445,207.80016092688885
2016-07-21,brand1,3328.9400599999994,790.5059735101657
2016-07-29,brand1,3901.618619999999,804.663901082803
2016-08-05,brand1,2881.46473,778.9347058210881
2016-08-13,brand1,5090.526249999999,968.0497939616312
2016-08-20,brand2,874.98807,313.9635751254207
2016-08-28,brand2,1620.3846999999998,394.8428535628794
2016-09-04,brand2,1495.2383,442.5553862207073
2016-09-12,brand2,3121.94686,331.0410134256732
2016-09-19,brand3,3231.706820000001,540.5314447613654
2016-09-27,brand3,3689.249149999999,476.1179296738082
2016-10-04,brand3,4966.068860000001,432.8157035684117
2016-10-12,brand3,10079.34269,590.6278925046672
2016-10-19,brand4,2568.6424900000006,441.61690700739416
2016-10-27,brand4,2374.64013,445.18171798473065
2016-11-03,brand4,1911.7825,409.63815730630233
2016-11-11,brand4,4548.696339999998,548.5992634591363
2016-11-18,brand5,2578.6910400000006,280.1772055097291
2016-11-26,brand5,1794.68961,208.36343618102484
2016-12-03,brand5,2611.7270499999995,262.9635021582522
2016-12-11,brand5,4793.802849999999,193.94605810516384
2016-12-18,brand1,3236.231389999999,780.5491170801796
2016-12-26,brand1,3401.22785,773.1739968141462
2017-01-02,brand1,2833.92482,805.4401706493205
2017-01-10,brand1,5995.994661500002,969.9582701902956
2017-01-17,brand2,624.04523,244.49051328550632
2017-01-25,brand2,2007.21541,392.7422977585549
2017-02-01,brand2,2080.5842500000003,501.9088207812748
2017-02-09,brand2,2709.123960000001,330.1324448432522
2017-02-16,brand3,4863.779910000002,545.5586193990387
2017-02-24,brand3,5278.535290000001,491.6465185663373
2017-03-03,brand3,6449.635480000001,461.1507847706077
2017-03-11,brand3,9627.341030000003,571.0404992916845
2017-03-18,brand4,1765.7721089999995,412.0324547398269
2017-03-26,brand4,2172.6993499999994,435.110519129806
2017-04-02,brand4,2491.87325,396.0565480793656
2017-04-10,brand4,5720.245850000001,550.5956322873137
2017-04-17,brand5,1821.65096,263.4281521611204
2017-04-25,brand5,2092.03801,236.7133096215028
2017-05-02,brand5,3702.6356,297.2955604711605
2017-05-10,brand5,4788.698539999999,214.30763660121244
2017-05-17,brand1,3179.711850000001,830.4630088520029
2017-05-25,brand1,4197.92769,784.2364355727673
2017-06-01,brand1,4472.52024,825.1778136155292
2017-06-09,brand1,7209.162629999997,981.2074753749308
2017-06-16,brand2,1878.7145700000003,341.09801747932613
2017-06-24,brand2,1320.68114,364.591345558222
2017-07-01,brand2,693.5762499999998,356.63300083017685
2017-07-09,brand2,1872.5504200000005,332.2705330012523
2017-07-16,brand3,3197.929060000001,489.7755038899284
2017-07-24,brand3,3928.93871,488.92119225219216
2017-07-31,brand3,6835.2547,473.124428942185
2017-08-08,brand3,8692.146129999994,565.6760704276061
2017-08-15,brand4,2598.2705100000003,435.428644289846
2017-08-23,brand4,1019.32368,385.0686200277042
2017-08-30,brand4,1734.7390700000003,378.32607578437455
2017-09-07,brand4,5416.246599999999,561.4774684244655
2017-09-14,brand5,3823.41682,313.54315298808416
2017-09-22,brand5,1118.0144800000005,186.20506747800215
2017-09-29,brand5,2302.9449100000006,253.03834599023335
2017-10-07,brand5,4653.499329999999,195.48427791484107
2017-10-14,brand1,2391.173610000001,740.0865169044187
2017-10-22,brand1,4950.69779,791.8833439707523
2017-10-29,brand1,4290.611655289999,833.540943074973
2017-11-06,brand1,6263.194072999998,1018.1659670814118
2017-11-13,brand2,977.23612,281.6902549230742
2017-11-21,brand2,1715.10151,417.4423014272885
2017-11-28,brand2,2170.6875800000003,463.0050799952061
2017-12-06,brand2,4058.50535,371.37609755528695
2017-12-13,brand3,4850.696359999999,535.4248603208739
2017-12-21,brand3,3921.819830000001,478.6384287211114
2017-12-28,brand3,7655.27597,446.3038556546152
2018-01-05,brand3,10572.15844,582.9537866943061
2018-01-12,brand4,2018.8579625,417.350465129784
2018-01-20,brand4,1540.4160999999997,407.7707117973616
2018-01-27,brand4,3170.2096599999995,426.6555106494229
2018-02-04,brand4,2874.749372649999,511.6406472460845
2018-02-11,brand5,2240.252930000001,309.97561150836214
2018-02-19,brand5,2184.01738,240.82562151229823
2018-02-26,brand5,3206.7483000000007,256.17918778015434
2018-03-06,brand5,5256.323750000001,205.41684629234143
2018-03-13,brand1,2858.15318,777.0384454521651
2018-03-21,brand1,4223.922339999999,793.7734886055384
2018-03-28,brand1,3586.7229,805.3371771782281
2018-04-05,brand1,5165.521612999996,964.6307627404292
2018-04-12,brand2,955.79991,291.73766713910413
2018-04-20,brand2,1196.13206,358.8793712719357
2018-04-27,brand2,1939.7798,479.17919588706536
2018-05-05,brand2,3314.3352400000003,337.8210521541462
2018-05-12,brand3,6241.61378,522.8191798726904
2018-05-20,brand3,2914.435020000001,484.0918415155805
2018-05-27,brand3,6778.912909999998,457.8297555279565
2018-06-04,brand3,8948.65302,582.9410086018823
2018-06-11,brand4,2523.1153599999984,440.1086461107638
2018-06-19,brand4,2316.33781,447.5682294334292
2018-06-26,brand4,3328.10624,423.0886370895201
2018-07-04,brand4,4456.87594,539.6623797998213
2018-07-11,brand5,3511.178270000001,301.11517794564696
2018-07-19,brand5,1874.81942,224.10458871681735
2018-07-26,brand5,2477.418,252.9344491178619
2018-08-03,brand5,4820.847650000001,192.41130962562693
2018-08-10,brand1,321.8481,399.6608649569552
2018-08-18,brand1,785.9041999999998,537.7491460530679
2018-08-25,brand1,1230.7945,659.7006855825612
2018-09-02,brand1,614.08258,577.0847911602086
2018-09-09,brand2,85.50967999999999,116.37817935204498
2018-09-17,brand2,337.7171,221.3428782119252
2018-09-24,brand2,748.2035000000001,377.0644367287455
2018-10-02,brand2,284.5169,186.5339947704586
2018-10-09,brand3,1677.03144,449.9454128176344
2018-10-17,brand3,219.43171,207.5189998466364
2018-10-24,brand3,1113.1181,378.1576883137852
2018-11-01,brand3,1148.59542,454.4698389860257
2018-11-08,brand4,334.88837000000007,251.5482228050504
2018-11-16,brand4,0.0,66.52176654131678
2018-11-23,brand4,568.5242,304.2510175665976
2018-12-01,brand4,1034.93991,427.3662186720222
2018-12-08,brand5,310.8296,166.94450383617965
2018-12-16,brand5,119.76151,101.48010449511976
2018-12-23,brand5,699.6138,193.0581486456913
2018-12-31,brand5,904.99224,154.55883400041523
